,0
0,POINT ( 27.83535475 -0.19000633608251288 )
1,POINT ( 36.7013497 3.21090318335027 )
2,POINT ( 36.8304577 7.806549776641433 )
3,POINT ( 35.7528032 6.307746610613868 )
4,POINT ( 36.7295387 3.1929819 )
5,POINT ( 34.7931774 5.734029338102971 )
6,POINT ( 36.21306805 1.3306219157103958 )
7,POINT ( 36.27502905 6.622422421940669 )
8,POINT ( 31.6753963 6.141752805006766 )
9,POINT ( 36.7943535 5.875569778538126 )
10,POINT ( 35.6206678 -0.6154202368508483 )
11,POINT ( 36.18053795 5.325335614861902 )
12,POINT ( 22.813385099999998 5.451241709209654 )
13,POINT ( 35.0127915 -1.4558047297278263 )
14,POINT ( 30.9332681 29.697542043876126 )
15,POINT ( 31.185567149999997 29.947910493498107 )
16,POINT ( 23.96342585 32.82937355051733 )
17,POINT ( 30.1141148 31.424702260069452 )
18,POINT ( 31.0742836 33.829171518733695 )
19,POINT ( 27.1798365 33.79432766304178 )
20,POINT ( 25.6705395 32.70656738421505 )
21,POINT ( 25.5566869 34.586226362149766 )
22,POINT ( 31.3168929 27.2265777423804 )
23,POINT ( 28.6851638 34.062796563324206 )
24,POINT ( 27.9795626 34.392587649574324 )
25,POINT ( 26.3417454 31.731065840096637 )
26,POINT ( 29.595028749999997 34.784603579723935 )
27,POINT ( 32.1011324 20.27332790949631 )
28,POINT ( 43.7085218 -79.65116344247402 )
29,POINT ( 32.6682804 13.14624729995671 )
30,POINT ( 32.89529735 13.278556015653143 )
31,POINT ( 30.3284136 -9.409092283353985 )
32,POINT ( 33.3692757 -7.587027867584646 )
33,POINT ( 31.605871 -8.032465716209586 )
34,POINT ( 34.05106935 -6.743095876036195 )
35,POINT ( 35.72920725 -5.912942469695661 )
36,POINT ( 35.5940005 -5.323810548691451 )
37,POINT ( 23.724744049999998 -15.927466161127052 )
38,POINT ( 30.38186025 -9.549720490266727 )
39,POINT ( 15.587197549999999 32.55305972368279 )
40,POINT ( 33.874703600000004 10.77410237500926 )
41,POINT ( 36.07817805 10.435925349519707 )
42,POINT ( 35.75891045 10.751810560315683 )
43,POINT ( 34.71669585 10.688518522650334 )
44,POINT ( 36.9770903 8.880022080372964 )
45,POINT ( 33.93710375 8.098227764127163 )
46,POINT ( 36.851848450000006 10.229499453576416 )
47,POINT ( -3.32424825 29.320540457965556 )
48,POINT ( -11.53375855 43.27196873326025 )
49,POINT ( 11.54800385 43.15864050716333 )
50,POINT ( 15.293245200000001 38.91610962389453 )
51,POINT ( 8.97958075 38.79727968929066 )
52,POINT ( 9.625106200000001 41.85238477547875 )
53,POINT ( 0.4043631 35.23328885990355 )
54,POINT ( -4.0265226 39.600720714576624 )
55,POINT ( -0.08738835 34.72881993226213 )
56,POINT ( -1.3168547 36.92904912198662 )
57,POINT ( -18.7961372 47.47342862030034 )
58,POINT ( -12.346593299999999 49.28811328393599 )
59,POINT ( -15.6669088 46.350321848635154 )
60,POINT ( -13.3125742 48.314330613712386 )
61,POINT ( -18.10852705 49.392372747399406 )
62,POINT ( -25.04204875 46.95019958578181 )
63,POINT ( -20.287079 44.3168582 )
64,POINT ( -15.676075449999999 34.96706138417294 )
65,POINT ( -13.7886661 33.78211495665334 )
66,POINT ( -20.4325615 57.684949281775644 )
67,POINT ( -12.809017149999999 45.28166027969728 )
68,POINT ( -25.9063936 32.582643793413375 )
69,POINT ( -19.79742665 34.91058302709537 )
70,POINT ( -22.01664005 35.312615522016074 )
71,POINT ( -15.035866299999999 40.671658330315736 )
72,POINT ( -5.25760455 39.812129878249095 )
73,POINT ( -22.01664005 35.312615522016074 )
74,POINT ( -20.8901282 55.51860089723989 )
75,POINT ( -1.96827605 30.137584308337644 )
76,POINT ( -4.674262499999999 55.52120037637752 )
77,POINT ( 11.2778277 49.142991331751006 )
78,POINT ( 6.781775550000001 47.455134754841644 )
79,POINT ( 8.5373526 48.6792253 )
80,POINT ( 9.51805995 44.08387555 )
81,POINT ( -0.3767598 42.461044544048505 )
82,POINT ( 2.0140883 45.304041242825505 )
83,POINT ( 4.873847 31.598731911290322 )
84,POINT ( -3.36680455 36.625595016537524 )
85,POINT ( -6.8741937 39.20752396159325 )
86,POINT ( -3.4280793999999997 37.076288891574904 )
87,POINT ( -2.44583425 32.93340863939895 )
88,POINT ( -6.22659875 39.224891924186615 )
89,POINT ( 2.51399055 31.13397407355598 )
90,POINT ( 0.044802 32.4429895 )
91,POINT ( 2.81080155 32.26994056577095 )
92,POINT ( -17.81843635 25.79571488398148 )
93,POINT ( -15.3301972 28.453200826570317 )
94,POINT ( -12.964728950000001 28.515819874644443 )
95,POINT ( -17.9332616 31.090709006942333 )
96,POINT ( 26.1164628 -81.7033454 )
97,POINT ( -20.0133425 28.60861372510136 )
98,POINT ( -7.9589819 15.868577 )
99,POINT ( -14.925853400000001 13.578154582927786 )
100,POINT ( 4.01357 9.716386661669063 )
101,POINT ( 3.7250788 11.552168664779966 )
102,POINT ( 4.3959119 18.523283337103088 )
103,POINT ( 12.1360288 15.034851035991199 )
104,POINT ( -1.66486355 29.238111563658414 )
105,POINT ( 0.4827092 25.336486718843247 )
106,POINT ( -11.5907528 27.527636755291578 )
107,POINT ( -4.2509559 15.253938331362257 )
108,POINT ( 3.7565203499999997 8.707243565704104 )
109,POINT ( -1.65579695 13.438372041233038 )
110,POINT ( 0.46194650000000004 9.411292096346298 )
111,POINT ( -0.7143453 8.75312456524845 )
112,POINT ( 0.37739915 6.714885303492647 )
113,POINT ( 6.3577513 2.385905079697595 )
114,POINT ( -26.3586824 31.71598334780702 )
115,POINT ( -29.4562007 27.556295119714555 )
116,POINT ( -22.4822038 17.472054302453607 )
117,POINT ( -22.978472449999998 14.64617079718646 )
118,POINT ( -33.97184585 18.602112520148317 )
119,POINT ( -29.6099422 31.11688170804795 )
120,POINT ( -26.13601315 28.244977230368022 )
121,POINT ( -25.93444955 27.924736167011847 )
122,POINT ( -25.38178745 31.106954598075028 )
123,POINT ( -29.0922444 26.296681782348287 )
124,POINT ( -33.0360848 27.822560571881656 )
125,POINT ( -24.5533921 25.924967923222077 )
126,POINT ( -19.97141275 23.43219644534387 )
127,POINT ( -21.15918875 27.471582024432315 )
128,POINT ( -17.83045705 25.164367059707985 )
129,POINT ( 11.15630745 -4.336348331816797 )
130,POINT ( 16.138496500000002 -22.888953109204106 )
131,POINT ( 16.73879835 -22.951125574679647 )
132,POINT ( 14.9412846 -23.48478206133027 )
133,POINT ( 16.8345053 -25.055170870134756 )
134,POINT ( 5.264928299999999 -3.925957338659794 )
135,POINT ( 13.336338000000001 -16.6495025720344 )
136,POINT ( 5.60428935 -0.167967625794569 )
137,POINT ( 6.7150762 -1.5903265519696532 )
138,POINT ( 4.8966362 -1.7740750697405612 )
139,POINT ( 7.36107895 -2.3282951059579275 )
140,POINT ( 6.579488850000001 0.5312743409626528 )
141,POINT ( 10.08289355 -2.5078313317209595 )
142,POINT ( 9.556090900000001 -0.8637410296233512 )
143,POINT ( 9.576551250000001 -13.613075755188323 )
144,POINT ( 11.896212599999998 -15.652612037587073 )
145,POINT ( 11.3033822 -15.839109525429235 )
146,POINT ( 6.2311862 -10.364287159148873 )
147,POINT ( 12.5353304 -7.9487650400229874 )
148,POINT ( 18.3006384 -15.975031698772085 )
149,POINT ( 20.92992565 -17.029848793555274 )
150,POINT ( 13.4901663 2.184618025448069 )
151,POINT ( 9.00668065 7.265007350650086 )
152,POINT ( 4.979604500000001 8.349199913234665 )
153,POINT ( 6.20565465 6.663854565066257 )
154,POINT ( 12.0468517 8.521322889378638 )
155,POINT ( 5.01669605 6.9519059120197095 )
156,POINT ( 6.471979599999999 7.55671795401768 )
157,POINT ( 12.9176034 5.210945158782382 )
158,POINT ( -15.9586281 -5.646064223218827 )
159,POINT ( 14.6655114 -17.07343116560513 )
160,POINT ( 8.616696000000001 -13.198092117373065 )
161,POINT ( 6.17020235 1.2560093951906006 )
162,POINT ( 18.2054832 -63.05608188224072 )
163,POINT ( 17.13578595 -61.79381928408262 )
164,POINT ( 12.50213495 -70.01412635032392 )
165,POINT ( 25.03933675 -77.47012287193701 )
166,POINT ( 25.416515099999998 -77.87826580832996 )
167,POINT ( 23.5624053 -75.87650228984003 )
168,POINT ( 26.556512750000003 -78.6955864137168 )
169,POINT ( 24.889098699999998 -76.16887178643381 )
170,POINT ( 26.5113679 -77.08448974519862 )
171,POINT ( 13.077278799999998 -59.48794597973022 )
172,POINT ( 18.4457823 -64.53946733632488 )
173,POINT ( 17.496818849999997 -62.97907065409406 )
174,POINT ( 17.6452107 -63.22040067205849 )
175,POINT ( 19.68786885 -79.87717146587687 )
176,POINT ( 19.292621150000002 -81.35854363791051 )
177,POINT ( 21.42010595 -77.84963901393718 )
178,POINT ( 22.461469049999998 -78.33163052799658 )
179,POINT ( 22.14945185 -80.41432509221373 )
180,POINT ( 22.987384849999998 -82.41424753295806 )
181,POINT ( 22.86556495 -82.51626260663052 )
182,POINT ( 22.4906757 -79.9432643 )
183,POINT ( 19.9753964 -75.83547295807672 )
184,POINT ( 12.1890286 -68.96216089958281 )
185,POINT ( 15.546485449999999 -61.302080403796325 )
186,POINT ( 18.25182335 -71.12337032088251 )
187,POINT ( 18.45180335 -68.9133388590677 )
188,POINT ( 18.5697918 -68.36662616922789 )
189,POINT ( 19.75754625 -70.56892494780459 )
190,POINT ( 19.405476 -70.60372192260436 )
191,POINT ( 18.42929615 -69.6715123798729 )
192,POINT ( 12.0047984 -61.78567212577312 )
193,POINT ( 16.2658457 -61.528368796666484 )
194,POINT ( 19.7263503 -72.20026715140995 )
195,POINT ( 18.579012300000002 -72.29606501465122 )
196,POINT ( 17.93556065 -76.78098090118962 )
197,POINT ( 18.502925949999998 -77.91388740287721 )
198,POINT ( 14.5906832 -61.00559445393026 )
199,POINT ( 16.7914596 -62.19349168416694 )
200,POINT ( 18.49346055 -67.13421586611547 )
201,POINT ( 18.44319945 -65.99743036847468 )
202,POINT ( 59.3546192 17.944740459281977 )
203,POINT ( 17.3113064 -62.71800233941045 )
204,POINT ( 13.7342774 -60.95388420129784 )
205,POINT ( 13.1598438 -61.149752043329826 )
206,POINT ( 12.7006118 -61.34525879938224 )
207,POINT ( 60.32135905 24.947206800038444 )
208,POINT ( 18.04087385 -63.11185168371077 )
209,POINT ( 10.59734525 -61.339509684592386 )
210,POINT ( 11.15043845 -60.8375427625885 )
211,POINT ( 21.776401800000002 -72.27137188340734 )
212,POINT ( 18.33476905 -64.9724536459818 )
213,POINT ( 17.69997805 -64.8059208987329 )
214,POINT ( 17.5392339 -88.30483122697225 )
215,POINT ( 10.595176200000001 -85.53862961331669 )
216,POINT ( 9.993411550000001 -84.21152052685673 )
217,POINT ( 13.45092455 -89.05240507597625 )
218,POINT ( 16.91345405 -89.86205696657903 )
219,POINT ( 14.58331705 -90.52716040808703 )
220,POINT ( 16.3169504 -86.5248116875334 )
221,POINT ( 15.455729 -87.92745277049858 )
222,POINT ( 14.0603447 -87.21931915065048 )
223,POINT ( 12.141385 -86.16885964895833 )
224,POINT ( 11.9910456 -83.7736603803171 )
225,POINT ( 12.1733502 -83.05909221898577 )
226,POINT ( 9.3404871 -82.24451650409418 )
227,POINT ( 8.38965145 -82.43619357392953 )
228,POINT ( 9.0667814 -79.38148242739149 )
229,POINT ( 32.3616236 -64.66575513844553 )
230,POINT ( 49.0226288 -122.3795503 )
231,POINT ( 51.120751 -114.01057234296194 )
232,POINT ( 53.308730350000005 -113.58880235766183 )
233,POINT ( 45.87018365 -66.53510204365679 )
234,POINT ( 48.935634300000004 -54.57370404301988 )
235,POINT ( 44.8767923 -63.512633 )
236,POINT ( 43.170848750000005 -79.92753721554418 )
237,POINT ( 49.956703700000006 -119.37954941396475 )
238,POINT ( 43.03236375 -81.14876380261438 )
239,POINT ( 46.116166899999996 -64.68834331532241 )
240,POINT ( 45.46873715 -73.74257166095532 )
241,POINT ( 45.32203645 -75.66726438915012 )
242,POINT ( 46.792174849999995 -71.38577821056776 )
243,POINT ( 50.4309977 -104.66560618608906 )
244,POINT ( 52.172371999999996 -106.69161089220799 )
245,POINT ( 47.619738299999995 -52.74791992027517 )
246,POINT ( 48.37209765 -89.32725832169425 )
247,POINT ( 43.678523999999996 -79.62912913064454 )
248,POINT ( 49.193044 -123.17986424460963 )
249,POINT ( 48.6463019 -123.4217089740095 )
250,POINT ( 60.7143977 -135.0764753 )
251,POINT ( 41.9405835 -72.68501994264602 )
252,POINT ( 49.91046085 -97.2379281374448 )
253,POINT ( 60.32135905 24.947206800038444 )
254,POINT ( 67.01133010000001 -50.70745791678873 )
255,POINT ( 64.1927724 -51.67787294727114 )
256,POINT ( 69.24366964999999 -51.056119024204875 )
257,POINT ( 61.160465450000004 -45.42536298156452 )
258,POINT ( 16.756593600000002 -99.75293698229589 )
259,POINT ( 21.7008112 -102.31747865736617 )
260,POINT ( 21.0407394 -86.8818149087711 )
261,POINT ( 28.70242285 -105.95886315342986 )
262,POINT ( 18.6517384 -91.80046272071905 )
263,POINT ( 20.52296195 -86.92943828095508 )
264,POINT ( 24.76450365 -107.47833897947221 )
265,POINT ( 24.12694795 -104.52871221086414 )
266,POINT ( 31.2255586 -110.97528809434876 )
267,POINT ( 15.7759827 -96.25869871122916 )
268,POINT ( 17.6036076 -101.46199568977451 )
269,POINT ( 20.9934103 -101.48120076520438 )
270,POINT ( 25.98507355 -111.3497035096648 )
271,POINT ( 23.1451694 -109.71801287922258 )
272,POINT ( 19.1447539 -104.55803073181045 )
273,POINT ( 23.16484775 -106.26951604534133 )
274,POINT ( 20.9246449 -89.65927789055651 )
275,POINT ( 19.434325299999998 -99.07325169426676 )
276,POINT ( 25.869959799999997 -100.33936685347027 )
277,POINT ( 16.9994612 -96.72489779307939 )
278,POINT ( 19.15571005 -98.37283764210872 )
279,POINT ( 20.68132455 -105.24962241931068 )
280,POINT ( 20.6217277 -100.19650618446578 )
281,POINT ( 26.005776500000003 -98.2241938925834 )
282,POINT ( 40.1689707 -77.9925014 )
283,POINT ( 22.260231349999998 -100.93678970603378 )
284,POINT ( 22.29066925 -97.8640037411272 )
285,POINT ( 32.54236105 -116.97017165699292 )
286,POINT ( 19.33818275 -99.565340075988 )
287,POINT ( 25.5618755 -103.40669725858731 )
288,POINT ( 19.398555899999998 -102.0391356118781 )
289,POINT ( 8.91624255 -79.59839754368687 )
290,POINT ( 22.895494499999998 -102.68638719688414 )
291,POINT ( 46.762732150000005 -56.17769546311888 )
292,POINT ( 42.748015949999996 -73.79855563763934 )
293,POINT ( 35.037669449999996 -106.61096752176844 )
294,POINT ( 61.18103525 -149.99789189730433 )
295,POINT ( 44.25659495 -88.52169598755702 )
296,POINT ( 33.63779875 -84.42927118585675 )
297,POINT ( 39.45708535 -74.57027649092205 )
298,POINT ( 30.19348925 -97.66500963529677 )
299,POINT ( 39.1747196 -76.67075505810189 )
300,POINT ( 44.8072619 -68.81941486105113 )
301,POINT ( 48.79368955 -122.53595690761102 )
302,POINT ( 33.5635078 -86.75154126864663 )
303,POINT ( 43.55988165 -116.20782253098173 )
304,POINT ( 42.36317665 -71.01364006269452 )
305,POINT ( 42.9402016 -78.73075229745353 )
306,POINT ( 35.21074145 -80.9457435226013 )
307,POINT ( 32.89929845 -80.03946503050427 )
308,POINT ( 29.18075815 -81.06460406740783 )
309,POINT ( 41.97795725 -87.90917584851792 )
310,POINT ( 39.049907149999996 -84.66516172504984 )
311,POINT ( 41.406618550000005 -81.85120214358412 )
312,POINT ( 39.99705605 -82.89304061484347 )
313,POINT ( 39.8132172 -82.934199729754 )
314,POINT ( 32.89651945 -97.0465220537124 )
315,POINT ( 39.905318699999995 -84.22024542480268 )
316,POINT ( 39.8606676 -104.68536732610298 )
317,POINT ( 41.534549299999995 -93.65923944589736 )
318,POINT ( 42.205699100000004 -83.35297537621658 )
319,POINT ( 31.8092748 -106.36664263248113 )
320,POINT ( 64.81761 -147.86784231862563 )
321,POINT ( 26.072017000000002 -80.15099673135214 )
322,POINT ( 26.53294975 -81.75880562612211 )
323,POINT ( 36.776006 -119.71974456209355 )
324,POINT ( 42.876614700000005 -85.53488239724246 )
325,POINT ( 44.47848805 -88.14362007159838 )
326,POINT ( 36.1031477 -79.94356850477837 )
327,POINT ( 40.193209800000005 -76.75294587287746 )
328,POINT ( 41.9405835 -72.68501994264602 )
329,POINT ( 19.718830599999997 -155.04755391447696 )
330,POINT ( 21.32040435 -157.9173135198164 )
331,POINT ( 29.9841416 -95.33298595614491 )
332,POINT ( 29.64714905 -95.27692608634595 )
333,POINT ( 34.646546900000004 -86.77502325865353 )
334,POINT ( 39.7162533 -86.29508388539975 )
335,POINT ( 30.4947303 -81.6924513519536 )
336,POINT ( 58.3566191 -134.58019300175383 )
337,POINT ( 39.3023103 -94.72118991743454 )
338,POINT ( 55.353764749999996 -131.7083563288072 )
339,POINT ( 24.5554773 -81.75961603475078 )
340,POINT ( 35.809552999999994 -83.99884810431155 )
341,POINT ( 27.98603765 -82.01479214409986 )
342,POINT ( 42.778071249999996 -84.58586005736913 )
343,POINT ( 36.0861034 -115.16111989849915 )
344,POINT ( 39.4299546 -83.79196443345316 )
345,POINT ( 33.94216754999999 -118.42139298414197 )
346,POINT ( 38.1866987 -85.7414172 )
347,POINT ( 28.1027201 -80.64815801235798 )
348,POINT ( 35.04625645 -89.97689466513185 )
349,POINT ( 25.7949789 -80.28672341095405 )
350,POINT ( 31.946026099999997 -102.21061868215736 )
351,POINT ( 42.946542300000004 -87.89725778714413 )
352,POINT ( 44.878019050000006 -93.2209280537696 )
353,POINT ( 33.680640600000004 -78.92905970872894 )
354,POINT ( 36.11958985 -86.68308703291842 )
355,POINT ( 29.99420015 -90.26430439366972 )
356,POINT ( 40.642947899999996 -73.7793733748521 )
357,POINT ( 40.7757145 -73.87336398511545 )
358,POINT ( 40.68906405 -74.17725485035348 )
359,POINT ( 41.5020532 -74.12120288016584 )
360,POINT ( 36.8946697 -76.20229629965002 )
361,POINT ( 37.7221623 -122.21707443336842 )
362,POINT ( 35.3848053 -97.60534425082406 )
363,POINT ( 41.3011252 -95.88987091468039 )
364,POINT ( 34.05414245 -117.59915769373036 )
365,POINT ( 33.67420559999999 -117.86801480770461 )
366,POINT ( 28.412903550000003 -81.30944309752753 )
367,POINT ( 28.7754331 -81.24329602986423 )
368,POINT ( 33.83033915 -116.50964534531111 )
369,POINT ( 30.360829199999998 -85.79665441896672 )
370,POINT ( 30.4725975 -87.18808592919096 )
371,POINT ( 39.875018 -75.23521278969667 )
372,POINT ( 33.43289075 -112.00942230268426 )
373,POINT ( 33.30591455 -111.6526441150196 )
374,POINT ( 40.49178275 -80.23702448873742 )
375,POINT ( 43.6461776 -70.31441197345607 )
376,POINT ( 45.587132600000004 -122.59277984939183 )
377,POINT ( 41.72243995 -71.42858821974949 )
378,POINT ( 42.76181125 -87.81589545554539 )
379,POINT ( 35.880361449999995 -78.78723821716514 )
380,POINT ( 39.498646199999996 -119.7733318653608 )
381,POINT ( 37.5069667 -77.32148389043365 )
382,POINT ( 43.904309749999996 -92.49544412529157 )
383,POINT ( 43.1161699 -77.67269338979611 )
384,POINT ( 42.1966203 -89.10185948684004 )
385,POINT ( 38.687223450000005 -121.5903702806319 )
386,POINT ( 40.790066100000004 -111.97989846185591 )
387,POINT ( 29.5334021 -98.46921443046924 )
388,POINT ( 34.095996850000006 -117.23456910141377 )
389,POINT ( 32.73336075 -117.19224641277626 )
390,POINT ( 37.622451999999996 -122.38407160781362 )
391,POINT ( 37.3633278 -121.92933857603218 )
392,POINT ( 27.395988350000003 -82.55407423064528 )
393,POINT ( 32.12423765 -81.19770644774445 )
394,POINT ( 47.757192950000004 -122.25778715198109 )
395,POINT ( 47.5298443 -122.30089181028575 )
396,POINT ( 47.4475673 -122.3080158569515 )
397,POINT ( 43.771497 -87.85395437617437 )
398,POINT ( 47.9088268 -122.27943020482658 )
399,POINT ( 47.620044050000004 -117.54236665513882 )
400,POINT ( 38.74962725 -90.37047024952082 )
401,POINT ( 43.1141752 -76.11914451143608 )
402,POINT ( 30.39782605 -84.35908394368526 )
403,POINT ( 27.9791649 -82.5349276153517 )
404,POINT ( 32.11237945 -110.93938776979154 )
405,POINT ( 36.1968484 -95.88675053989968 )
406,POINT ( 38.851289449999996 -77.03968893913375 )
407,POINT ( 38.95226625 -77.4534849116007 )
408,POINT ( 26.6859478 -80.09248650717163 )
409,POINT ( 41.33709205 -75.72257122928625 )
410,POINT ( 34.2705 -77.9025 )
411,POINT ( -34.81681415 -58.54742335052262 )
412,POINT ( -34.55919275 -58.414724275642854 )
413,POINT ( -41.15256445 -71.15455848648054 )
414,POINT ( -32.8315886 -68.79757765477916 )
415,POINT ( -25.736028150000003 -54.47470721141072 )
416,POINT ( -27.4476154 -59.05377708929865 )
417,POINT ( -54.84157295 -68.30858633055082 )
418,POINT ( -16.512220550000002 -68.19026097558837 )
419,POINT ( -17.6594809 -63.13846624460784 )
420,POINT ( -17.42106945 -66.17654065545332 )
421,POINT ( -29.71297955 -53.68895977371655 )
422,POINT ( -1.3798578 -48.47964610194296 )
423,POINT ( -19.63339785 -43.96836942393943 )
424,POINT ( 2.8467389 -60.69088998008712 )
425,POINT ( -15.87174755 -47.91172169662855 )
426,POINT ( -23.00605625 -47.1418432690333 )
427,POINT ( -20.471576849999998 -54.68224625125994 )
428,POINT ( -27.670113450000002 -48.54468648648172 )
429,POINT ( -3.7762585 -38.53549233925898 )
430,POINT ( -25.5930616 -54.49060873125 )
431,POINT ( -16.634240650000002 -49.2155620047253 )
432,POINT ( -7.148930699999999 -34.95030583440195 )
433,POINT ( -3.03553825 -60.04575303314657 )
434,POINT ( -9.36148845 -40.57031761357052 )
435,POINT ( -8.70990265 -63.900493918125576 )
436,POINT ( -8.1256775 -34.92271835508188 )
437,POINT ( -9.86366315 -67.88788220300299 )
438,POINT ( -22.81122025 -43.258620204081936 )
439,POINT ( -22.91044395 -43.16418613781168 )
440,POINT ( -12.91102045 -38.33497451468749 )
441,POINT ( -2.58899115 -44.23940764493366 )
442,POINT ( -23.627429999999997 -46.655568169280684 )
443,POINT ( -23.43779495 -46.481320528800595 )
444,POINT ( -5.0598744 -42.823510202633514 )
445,POINT ( -18.882273650000002 -48.22479831961242 )
446,POINT ( -20.256092950000003 -40.28135718192593 )
447,POINT ( -23.452375699999997 -70.43973434352753 )
448,POINT ( -36.77378175 -73.06006863839588 )
449,POINT ( 4.4505551 -75.76648964124684 )
450,POINT ( 10.88795095 -74.77949844665267 )
451,POINT ( 4.7020946 -74.14771320401294 )
452,POINT ( 7.12665205 -73.18298397426294 )
453,POINT ( 3.5396452 -76.38478414079523 )
454,POINT ( 10.441642850000001 -75.51305749492116 )
455,POINT ( 7.92892685 -72.51151602924828 )
456,POINT ( 4.42177875 -75.13465345063345 )
457,POINT ( 0.86087355 -77.67183954491212 )
458,POINT ( 1.5894336 -75.56474579631328 )
459,POINT ( 11.231324350000001 -72.48919753034815 )
460,POINT ( 5.029571949999999 -75.46408383207245 )
461,POINT ( 6.16640765 -75.42394572094523 )
462,POINT ( 1.2534290499999998 -70.23402408078636 )
463,POINT ( 8.82368475 -75.82489835334957 )
464,POINT ( 2.9517519500000002 -75.29355179494848 )
465,POINT ( 1.3969458000000001 -77.29099358053416 )
466,POINT ( 4.8124677 -75.7403839964314 )
467,POINT ( 2.4547051 -76.60875093700525 )
468,POINT ( 13.357764450000001 -81.35803010797275 )
469,POINT ( 5.69001785 -76.63973768788003 )
470,POINT ( 11.527112500000001 -72.91833288840549 )
471,POINT ( 12.583392799999999 -81.71154479692137 )
472,POINT ( 9.5094532 -75.5855934551474 )
473,POINT ( -29.915545950000002 -71.20194424333569 )
474,POINT ( 10.60316215 -66.99667670060362 )
475,POINT ( 9.3329836 -75.28385821799017 )
476,POINT ( 10.4354221 -73.24902965045095 )
477,POINT ( -33.3239 -60.6658 )
478,POINT ( 5.3201424 -72.38447809054335 )
479,POINT ( -2.1579326500000002 -79.88330125961107 )
480,POINT ( -3.4422879999999996 -79.99629303403673 )
481,POINT ( -0.94690845 -80.67949990971246 )
482,POINT ( -0.12721169999999998 -78.35809738941953 )
483,POINT ( -51.8208456 -58.4564927 )
484,POINT ( 4.820737449999999 -52.36305702364213 )
485,POINT ( 6.498248800000001 -58.25592779458964 )
486,POINT ( -25.2355931 -57.51563884189728 )
487,POINT ( -25.455565999999997 -54.84361037951119 )
488,POINT ( -16.3423105 -71.56895878830176 )
489,POINT ( -13.5362553 -71.93777215348605 )
490,POINT ( -12.02178305 -77.11123822674789 )
491,POINT ( 5.45209655 -55.18802501876111 )
492,POINT ( -34.830431950000005 -56.02201434471925 )
493,POINT ( -30.97508805 -55.476310098194325 )
494,POINT ( 10.60316215 -66.99667670060362 )
495,POINT ( 10.557807100000002 -71.7254962784662 )
496,POINT ( 10.151676850000001 -67.92881547478783 )
497,POINT ( 43.85891105 51.09314386990394 )
498,POINT ( 50.2470166 57.20792989023883 )
499,POINT ( 43.355686250000005 77.04258378940835 )
500,POINT ( 47.12124025 51.8232747235264 )
501,POINT ( 49.67500345 73.33836907065458 )
502,POINT ( 53.33082215 69.59255744913858 )
503,POINT ( 53.2046156 63.549854554025714 )
504,POINT ( 44.705641299999996 65.58855590395623 )
505,POINT ( 51.0258535 71.46419813232808 )
506,POINT ( 51.15188705 51.541522050576205 )
507,POINT ( 50.034302100000005 82.49913736104511 )
508,POINT ( 52.19522405 77.07365521776973 )
509,POINT ( 54.774539950000005 69.18321518318967 )
510,POINT ( 50.34996445 80.23222798253937 )
511,POINT ( 42.36478735 69.48092676188335 )
512,POINT ( 42.854462600000005 71.30450095555221 )
513,POINT ( 43.0581795 74.46359489585606 )
514,POINT ( 42.58600115 76.70732070846512 )
515,POINT ( 42.50613885 78.4129972303126 )
516,POINT ( 43.9739457 -88.5558077990564 )
517,POINT ( 38.54557415 68.82363701984585 )
518,POINT ( 40.218460300000004 69.70003078769972 )
519,POINT ( 37.989594 69.80781985333839 )
520,POINT ( 37.9837541 58.36266734224667 )
521,POINT ( 41.7634636 59.83111768268917 )
522,POINT ( 37.6254239 61.89707073841751 )
523,POINT ( 40.065514 52.9967006462539 )
524,POINT ( 38.9368224 63.56729013685301 )
525,POINT ( 40.726543899999996 72.29303828990521 )
526,POINT ( 39.77495605 64.48141101391582 )
527,POINT ( 40.3583628 71.7510007489508 )
528,POINT ( 40.98413205 71.56264283498558 )
529,POINT ( 40.1179573 65.16810111979285 )
530,POINT ( 42.48952825 59.6222565729817 )
531,POINT ( 39.698557 66.99274627772559 )
532,POINT ( 37.28581275 67.31175901967998 )
533,POINT ( 41.58095495 60.6451779891279 )
534,POINT ( 39.2295753 125.67704274664212 )
535,POINT ( 39.614616 140.21935028858 )
536,POINT ( 40.7340525 140.689686 )
537,POINT ( 33.586802 130.44739386660302 )
538,POINT ( 41.76987575 140.82501678734644 )
539,POINT ( 31.803187 130.718951 )
540,POINT ( 36.39344695 136.40924640121113 )
541,POINT ( 34.437479100000004 132.91951481722555 )
542,POINT ( 33.837738349999995 131.03353064413625 )
543,POINT ( 32.917846 129.91545060447868 )
544,POINT ( 3.6866040499999997 125.52690263699812 )
545,POINT ( 34.858719699999995 136.81136334974985 )
546,POINT ( 37.9555294 139.118527 )
547,POINT ( 33.48025315 131.73595976930255 )
548,POINT ( 34.75697285 133.8538693555767 )
549,POINT ( 34.43420455 135.2225230169576 )
550,POINT ( 42.786787000000004 141.68295976251358 )
551,POINT ( 38.138254849999996 140.9299361810537 )
552,POINT ( 34.796503799999996 138.18413707216476 )
553,POINT ( 35.54572095 139.78058713123818 )
554,POINT ( 35.77587145 140.3933101399336 )
555,POINT ( 47.84297625000001 106.7667561731925 )
556,POINT ( 40.56068065 109.99998138888844 )
557,POINT ( 21.5391801 109.29173962146939 )
558,POINT ( 40.079155549999996 116.5942601992765 )
559,POINT ( 39.49734235 116.41231485294932 )
560,POINT ( 43.99639585 125.69151731902005 )
561,POINT ( 28.190666049999997 113.21991433924589 )
562,POINT ( 31.9184829 119.77841391568919 )
563,POINT ( 30.554776699999998 103.9479446811554 )
564,POINT ( 30.302939549999998 104.44626140754374 )
565,POINT ( 29.72606975 106.64983063307892 )
566,POINT ( 38.96415155 121.53917650785446 )
567,POINT ( 40.02644170000001 124.2815411011791 )
568,POINT ( 40.06061715 113.4818546578876 )
569,POINT ( 30.321236499999998 109.484107289115 )
570,POINT ( 25.934525450000002 119.66617231883538 )
571,POINT ( 25.853333499999998 114.77981001603592 )
572,POINT ( 23.3931854 113.3015079267467 )
573,POINT ( 25.22035845 110.04411215855079 )
574,POINT ( 26.546574 106.79634638772646 )
575,POINT ( 19.9442567 110.45927325175722 )
576,POINT ( 30.2368729 120.42912444938366 )
577,POINT ( 45.62212125 126.24525735616052 )
578,POINT ( 31.9883277 116.96784209315098 )
579,POINT ( 50.17248205 127.30882586645819 )
580,POINT ( 40.850898099999995 111.81798726025258 )
581,POINT ( 33.79193035 119.12775073657423 )
582,POINT ( 29.73328205 118.25567849391369 )
583,POINT ( 49.2079077 119.82751910954758 )
584,POINT ( 23.55198455 116.5081354826242 )
585,POINT ( 36.8572453 117.21173410272695 )
586,POINT ( 25.10710645 102.93841345267796 )
587,POINT ( 36.51520775 103.61824564362979 )
588,POINT ( 29.29416095 90.91984327065339 )
589,POINT ( 34.57096 118.87475668663635 )
590,POINT ( 26.67695645 100.24519087992596 )
591,POINT ( 35.05260055 118.41027073428957 )
592,POINT ( 34.74071765 112.38655833509651 )
593,POINT ( 24.399627 98.52863867335108 )
594,POINT ( 49.567472499999994 117.3271129010715 )
595,POINT ( 24.2660018 116.1046631 )
596,POINT ( 44.5245786 129.56714084864257 )
597,POINT ( 28.8616845 115.90823277913566 )
598,POINT ( 31.7318395 118.8722909841032 )
599,POINT ( 22.6087962 108.1778206273208 )
600,POINT ( 32.07183535 120.97825429793333 )
601,POINT ( 29.8261878 121.45840490871828 )
602,POINT ( 36.26799135 120.37679264563059 )
603,POINT ( 39.6646933 119.05403886459055 )
604,POINT ( 47.23895465 123.9150970525425 )
605,POINT ( 24.79702915 118.58870501999499 )
606,POINT ( 18.30441145 109.4125578036077 )
607,POINT ( 31.19767765 121.33448312534463 )
608,POINT ( 31.141345049999998 121.80463662688626 )
609,POINT ( 41.63710115000001 123.48348341123219 )
610,POINT ( 22.6376434 113.80607686281571 )
611,POINT ( 38.2803561 114.68964497905779 )
612,POINT ( 37.7488565 112.62232573051733 )
613,POINT ( 39.12745995 117.35483617593881 )
614,POINT ( 41.0721691 113.1724539 )
615,POINT ( 43.903818349999995 87.46801888787405 )
616,POINT ( 30.801388600000003 108.43117732034935 )
617,POINT ( 37.1864922 122.22940860931081 )
618,POINT ( 30.77382425 114.21236810445089 )
619,POINT ( 31.4984408 120.43007861805665 )
620,POINT ( 27.70298965 117.99996959399512 )
621,POINT ( 24.543830049999997 118.13265145897324 )
622,POINT ( 34.43866385 108.7580567206632 )
623,POINT ( 36.5297578 102.03821999842393 )
624,POINT ( 38.599099800000005 112.97622810790583 )
625,POINT ( 21.977803450000003 100.76631380793766 )
626,POINT ( 34.058505499999995 117.55572772215724 )
627,POINT ( 33.428409349999995 120.20320242554347 )
628,POINT ( 42.8787858 129.4487048951637 )
629,POINT ( 37.6603715 120.98402460360276 )
630,POINT ( 30.552724650000002 111.4813469300297 )
631,POINT ( 38.3211525 106.38861654513931 )
632,POINT ( 29.342204799999998 120.02868898781665 )
633,POINT ( 29.103868499999997 110.44472066563625 )
634,POINT ( 21.21472515 110.35930740779222 )
635,POINT ( 34.5270534 113.84801423633316 )
636,POINT ( 22.0084784 113.37242495504282 )
637,POINT ( 27.81072255 107.246802633757 )
638,POINT ( 22.3125986 113.91732378641939 )
639,POINT ( 22.149929 113.58936073979396 )
640,POINT ( 24.02372475 121.61998199610741 )
641,POINT ( 22.5750247 120.35186186510414 )
642,POINT ( 24.2540877 120.59962083032508 )
643,POINT ( 22.9479051 120.2165245 )
644,POINT ( 25.066476950000002 121.55488774434725 )
645,POINT ( 25.079317449999998 121.23459767526805 )
646,POINT ( 35.1800774 128.93640137086572 )
647,POINT ( 35.89664705 128.65684823422797 )
648,POINT ( 33.50707105 126.4916441196128 )
649,POINT ( 37.55900775 126.7942402657747 )
650,POINT ( 37.4634169 126.44164409450852 )
651,POINT ( 36.7155563 127.49746427479121 )
652,POINT ( 34.991280200000006 126.38414054753376 )
653,POINT ( 38.05981665 128.66724658348244 )
654,POINT ( 22.2536779 91.81968167066351 )
655,POINT ( 23.8426391 90.4057215428484 )
656,POINT ( 24.9638508 91.86122399605534 )
657,POINT ( 27.403184449999998 89.42341649453166 )
658,POINT ( 23.8927538 91.24405712502758 )
659,POINT ( 23.0759129 72.63051649394484 )
660,POINT ( 31.70858515 74.80044741056383 )
661,POINT ( 13.196697 77.70758655918868 )
662,POINT ( 20.2547298 85.8163539 )
663,POINT ( 12.993374 80.17258667392555 )
664,POINT ( 11.0312326 77.04169829450647 )
665,POINT ( 28.5551678 77.08473847979485 )
666,POINT ( 15.380501500000001 73.8317012646639 )
667,POINT ( 11.8892109 3.4260472 )
668,POINT ( 26.111372250000002 91.58297415485129 )
669,POINT ( 17.231163600000002 78.43178336758146 )
670,POINT ( 24.757604049999998 93.8927773500697 )
671,POINT ( 26.8281087 75.8059454340161 )
672,POINT ( 11.9172722 75.54478488645225 )
673,POINT ( 10.15448595 76.39248892735499 )
674,POINT ( 11.1363042 75.95411010175508 )
675,POINT ( 26.7584263 80.87779945060207 )
676,POINT ( 9.83575295 78.09397312971166 )
677,POINT ( 12.956335800000002 74.88765239960827 )
678,POINT ( 19.0901312 72.86370318520977 )
679,POINT ( 21.089577849999998 79.04602785205705 )
680,POINT ( 18.58033 73.91838555259571 )
681,POINT ( 26.6821128 88.32906870592839 )
682,POINT ( 33.9933661 74.77516251194409 )
683,POINT ( 21.1168313 72.74226530410085 )
684,POINT ( 8.4820416 76.91905902167463 )
685,POINT ( 10.7638147 78.71529710080432 )
686,POINT ( 22.336816749999997 73.22706886887818 )
687,POINT ( 25.4509975 82.86360523595738 )
688,POINT ( 16.5315766 80.80295035488889 )
689,POINT ( 17.720283000000002 83.2265547319231 )
690,POINT ( 4.1961894 73.5301041555218 )
691,POINT ( -0.6927627000000001 73.15324132513942 )
692,POINT ( 27.6939119 85.3582197389141 )
693,POINT ( 29.34837665 71.71912226088565 )
694,POINT ( 31.36552865 72.99318848355324 )
695,POINT ( 25.29906395 62.503349542937684 )
696,POINT ( 33.55153275 72.82560416238321 )
697,POINT ( 24.9014311 67.15934789666397 )
698,POINT ( 31.51939965 74.40099966094238 )
699,POINT ( 30.2071105 71.41997759761222 )
700,POINT ( 33.99097355 71.51575924176217 )
701,POINT ( 30.2526982 66.93800061461184 )
702,POINT ( 32.5345997 74.36533835554033 )
703,POINT ( 25.98209085 63.03028137910644 )
704,POINT ( 7.17970025 79.883996367229 )
705,POINT ( 6.8218321500000005 79.8871535365376 )
706,POINT ( 6.28627825 81.1225232733857 )
707,POINT ( 9.792629949999998 80.0689781508496 )
708,POINT ( 4.9423855 114.92908228171993 )
709,POINT ( 11.5470571 104.84811156075017 )
710,POINT ( 13.41068555 103.81347888302334 )
711,POINT ( 10.5718702 103.63321356143346 )
712,POINT ( -8.54759825 125.52229053330531 )
713,POINT ( -1.26696845 116.89707027307526 )
714,POINT ( 5.529465650000001 95.419083238632 )
715,POINT ( -5.24672045 105.18205915548504 )
716,POINT ( -6.8995168499999995 107.57604750542606 )
717,POINT ( -6.648582149999999 108.15537620433665 )
718,POINT ( -3.4402862499999998 114.75650864375234 )
719,POINT ( -8.310454799999999 114.33786464963038 )
720,POINT ( 1.1219929 104.11570805549073 )
721,POINT ( -1.1884679500000002 136.10667153231608 )
722,POINT ( -8.7458582 115.16733897840365 )
723,POINT ( -6.12389155 106.65658968644006 )
724,POINT ( -5.07668215 119.55303856777952 )
725,POINT ( 1.5435963 124.92255822207105 )
726,POINT ( -8.759159499999999 116.2710722149254 )
727,POINT ( 3.6312752 98.86748596472728 )
728,POINT ( -0.7882247499999999 100.2830944686123 )
729,POINT ( -2.8940027 104.7056553 )
730,POINT ( 0.45756595 101.440153194186 )
731,POINT ( 2.26118555 98.97717829413855 )
732,POINT ( -7.38007105 112.78532737805308 )
733,POINT ( -2.74657065 107.75414868594399 )
734,POINT ( -7.89983735 110.05119439547553 )
735,POINT ( 19.90650995 102.16998023046885 )
736,POINT ( 15.1357812 105.77960596181103 )
737,POINT ( 16.556469 104.76031944401174 )
738,POINT ( 17.9866469 102.56389705740517 )
739,POINT ( 6.1893478 100.39721450708868 )
740,POINT ( 4.56661635 101.0904297764127 )
741,POINT ( 1.6418166 103.66721338925498 )
742,POINT ( 6.166653350000001 102.29385129118026 )
743,POINT ( 5.9336120999999995 116.0497893067351 )
744,POINT ( 2.74476355 101.7066224803332 )
745,POINT ( 5.37710725 103.0984306408296 )
746,POINT ( 3.7748226999999996 103.20939361083198 )
747,POINT ( 1.4882398499999998 110.35175975877235 )
748,POINT ( 6.3296375 99.72854348520173 )
749,POINT ( 5.296731899999999 100.27478564926506 )
750,POINT ( 3.1308814500000004 101.55028764274799 )
751,POINT ( 21.70495475 95.97452889632125 )
752,POINT ( 16.91201185 96.13661261066854 )
753,POINT ( 19.62314215 96.19420457749541 )
754,POINT ( 20.4514501 121.9807799315435 )
755,POINT ( 18.18240175 121.74805933504305 )
756,POINT ( 10.310328 123.97927764356774 )
757,POINT ( 15.18716705 120.55746496222983 )
758,POINT ( 7.124879699999999 125.64345755531545 )
759,POINT ( 6.0618818999999995 125.09865215811146 )
760,POINT ( 10.83536625 122.49449206726223 )
761,POINT ( 11.6789701 122.3748426278658 )
762,POINT ( 18.176479450000002 120.53176511814134 )
763,POINT ( 14.5123016 121.02188606807516 )
764,POINT ( 9.57168615 123.77160428425333 )
765,POINT ( 9.74238505 118.75835135731876 )
766,POINT ( 14.7937674 120.26870192132773 )
767,POINT ( 6.92226375 122.05983240893659 )
768,POINT ( 1.35755735 103.98847034565972 )
769,POINT ( 1.408495 103.8609948 )
770,POINT ( 13.68187665 100.74858027718852 )
771,POINT ( 13.9122207 100.60353142390704 )
772,POINT ( 18.76684265 98.96487808920725 )
773,POINT ( 19.9542572 99.87915340415378 )
774,POINT ( 12.68476815 101.00934297866353 )
775,POINT ( 6.929020449999999 100.3948145217058 )
776,POINT ( 8.096407899999999 98.98512384231734 )
777,POINT ( 8.11013195 98.30581527719204 )
778,POINT ( 9.5488263 100.06319930633575 )
779,POINT ( 9.5488263 100.06319930633575 )
780,POINT ( 17.3867791 102.7775596 )
781,POINT ( 16.0425792 108.19716127833769 )
782,POINT ( 21.2190339 105.8044969796485 )
783,POINT ( 10.08293405 105.71208943005172 )
784,POINT ( 20.8173019 106.71946503587628 )
785,POINT ( 16.39973765 107.705353995889 )
786,POINT ( 10.1666494 103.99937813447218 )
787,POINT ( 11.9968644 109.21728855358893 )
788,POINT ( 15.4075042 108.7125534766665 )
789,POINT ( 34.566688400000004 69.20650065196745 )
790,POINT ( 34.2065784 62.22776940067165 )
791,POINT ( 31.505839549999997 65.8421901219367 )
792,POINT ( 26.2697012 50.632903208060256 )
793,POINT ( 30.3668469 48.228439506236356 )
794,POINT ( 31.3375148 48.761837631708985 )
795,POINT ( 38.32367895 48.41727862641293 )
796,POINT ( 35.4234276 51.1989619 )
797,POINT ( 27.222036449999997 56.37856860111275 )
798,POINT ( 32.89977375 59.26414453526587 )
799,POINT ( 28.9572989 50.8229405 )
800,POINT ( 36.9121665 54.3981105251603 )
801,POINT ( 33.58551455 46.40524208287659 )
802,POINT ( 32.76145385 51.88885076271911 )
803,POINT ( 30.28189775 56.94992755739636 )
804,POINT ( 34.347537349999996 47.1688282549366 )
805,POINT ( 26.5299696 53.97501298963428 )
806,POINT ( 27.372541650000002 53.18793251072508 )
807,POINT ( 27.672970550000002 54.386047531521996 )
808,POINT ( 36.23409075 59.641866810223185 )
809,POINT ( 26.753171950000002 55.89917705614705 )
810,POINT ( 37.32402085 49.6103959243627 )
811,POINT ( 36.64640625 53.18791769898566 )
812,POINT ( 29.5424396 52.580523125907916 )
813,POINT ( 38.13556965 46.24601138618142 )
814,POINT ( 35.4164909 51.144760916142786 )
815,POINT ( 35.6979248 51.278399738353954 )
816,POINT ( 37.6716605 45.071195154914435 )
817,POINT ( 31.9013104 54.28221005071451 )
818,POINT ( 29.47574595 60.900508689320745 )
819,POINT ( 31.9890477 44.403904616449125 )
820,POINT ( 33.267680600000006 44.22892433264592 )
821,POINT ( 30.5217366 47.7140993 )
822,POINT ( 36.23784135 43.9489017061083 )
823,POINT ( 36.30509415 43.148121645696165 )
824,POINT ( 35.5626087 45.31510843970692 )
825,POINT ( 29.7265806 35.0060932 )
826,POINT ( 32.8105658 35.043082565539606 )
827,POINT ( 32.0004041 34.8704796 )
828,POINT ( 29.610142699999997 35.019039998479 )
829,POINT ( 31.7241013 35.995440207589255 )
830,POINT ( 29.2202789 47.955110833063436 )
831,POINT ( 33.8180749 35.490805228124415 )
832,POINT ( 23.599458 58.29212963328453 )
833,POINT ( 17.04651015 54.088312622997904 )
834,POINT ( 25.2746642 51.60679184882241 )
835,POINT ( 18.2416611 42.65376644973918 )
836,POINT ( 25.2879377 49.487066980107045 )
837,POINT ( 26.467396649999998 49.79887844079486 )
838,POINT ( 49.0068908 2.5710819691019156 )
839,POINT ( 21.6836591 39.16367476310531 )
840,POINT ( 17.61030315 44.41506761381417 )
841,POINT ( 24.95862035 46.7110284093297 )
842,POINT ( 24.148030149999997 38.0626738365901 )
843,POINT ( 36.18214815 37.21872403680198 )
844,POINT ( 33.4108334 36.51391166837934 )
845,POINT ( 35.40183425 35.950402853728235 )
846,POINT ( 37.031183350000006 41.205173239381494 )
847,POINT ( 24.4415534 54.6499318152277 )
848,POINT ( 24.2798294 55.6296154 )
849,POINT ( 24.8926515 55.16390794501868 )
850,POINT ( 25.2521281 55.36571154271837 )
851,POINT ( 25.61297345 55.939695904168836 )
852,POINT ( 25.3401476 55.5137442 )
853,POINT ( 12.8295131 45.031569115247166 )
854,POINT ( 15.47740745 44.21866507285824 )
855,POINT ( 15.96591155 48.789005860185995 )
856,POINT ( 51.1881429 4.463473861141249 )
857,POINT ( 50.898339449999995 4.483486214316164 )
858,POINT ( 50.463637250000005 4.466173283859401 )
859,POINT ( 50.6384999 5.441185496152215 )
860,POINT ( 51.2003974 2.874165781169563 )
861,POINT ( 41.9215216 8.799913054381443 )
862,POINT ( 42.55466885 9.481946623405268 )
863,POINT ( 49.45446175 2.1113351240160583 )
864,POINT ( 44.825437550000004 0.5146458309352377 )
865,POINT ( 43.3227155 3.3554479384352818 )
866,POINT ( 43.46909385 -1.5228711739616112 )
867,POINT ( 44.82017155 -0.7079993899736636 )
868,POINT ( 48.4428384 -4.4197626 )
869,POINT ( 43.2159709 2.3064304810690723 )
870,POINT ( 48.77629805 4.187693712492935 )
871,POINT ( 45.6352153 5.881803393116886 )
872,POINT ( 48.58873 -2.081093937888017 )
873,POINT ( 41.50326675 9.098326639079088 )
874,POINT ( 45.6262172 6.3272656111064105 )
875,POINT ( 50.5681339 3.105251611858831 )
876,POINT ( 45.863076750000005 1.180182915228558 )
877,POINT ( 45.7245365 5.086500755554235 )
878,POINT ( 47.603236949999996 7.52434812773247 )
879,POINT ( 47.151840899999996 -1.6084620308979245 )
880,POINT ( 43.65980345 7.213706629141443 )
881,POINT ( 43.7584952 4.415388999259653 )
882,POINT ( 49.0068908 2.5710819691019156 )
883,POINT ( 48.7295648 2.3682988 )
884,POINT ( 43.3789419 -0.4157200487958993 )
885,POINT ( 42.743035649999996 2.870327259088999 )
886,POINT ( 46.588773200000006 0.30851584901156714 )
887,POINT ( 45.54021095 4.296047797902659 )
888,POINT ( 48.538652549999995 7.625009702296425 )
889,POINT ( 43.095769149999995 6.1478463767391816 )
890,POINT ( 43.63965825 1.3764361996453238 )
891,POINT ( 47.4330486 0.7150216920002304 )
892,POINT ( 36.15415145 -5.346455296981239 )
893,POINT ( 49.70694185 -2.214498597174802 )
894,POINT ( 49.4345733 -2.6035924770551206 )
895,POINT ( 49.2066455 -2.198538438744582 )
896,POINT ( 51.84173815 -8.493798524458427 )
897,POINT ( 53.4288026 -6.247592522077657 )
898,POINT ( 52.180909650000004 -9.525779717512439 )
899,POINT ( 52.180909650000004 -9.525779717512439 )
900,POINT ( 52.69960575 -8.920721565103284 )
901,POINT ( 54.0827808 -4.6269258046304556 )
902,POINT ( 49.6284468 6.205263391446866 )
903,POINT ( 52.32697895 4.741505200022974 )
904,POINT ( 51.449830000000006 5.373710920240573 )
905,POINT ( 53.1214959 6.581723234492909 )
906,POINT ( 50.91249905 5.77132050283004 )
907,POINT ( 51.95633585 4.439731915265206 )
908,POINT ( 46.98874805 15.440023285611247 )
909,POINT ( 46.64348185 14.328599613147205 )
910,POINT ( 47.2597258 11.341870474999986 )
911,POINT ( 48.23637495 14.187713380617474 )
912,POINT ( 47.7934551 13.001830576958724 )
913,POINT ( 48.10499675 16.5848987032657 )
914,POINT ( 49.1582606 16.690803591376284 )
915,POINT ( 50.2018781 12.913358570496666 )
916,POINT ( 49.6968749 18.116063013271024 )
917,POINT ( 50.1020451 14.27056489323675 )
918,POINT ( 50.01305945 15.738799963989463 )
919,POINT ( 48.97694645 8.34241472152001 )
920,POINT ( 52.3976851 13.5367764 )
921,POINT ( 53.0453419 8.789641688895548 )
922,POINT ( 50.86780115 7.138887378368084 )
923,POINT ( 51.51690725 7.609717871665552 )
924,POINT ( 51.2869035 6.761736665024513 )
925,POINT ( 50.0229437 8.524938151916214 )
926,POINT ( 49.944633350000004 7.261210336785306 )
927,POINT ( 47.603236949999996 7.52434812773247 )
928,POINT ( 47.6730679 9.5243796 )
929,POINT ( 53.63636215 9.994550134684175 )
930,POINT ( 52.46144075 9.687236575826585 )
931,POINT ( 51.421190100000004 12.229585904866344 )
932,POINT ( 53.804942999999994 10.712610058244511 )
933,POINT ( 47.9892386 10.235409335315072 )
934,POINT ( 49.49826845 11.078106331160273 )
935,POINT ( 48.6915808 9.1934675 )
936,POINT ( 51.6225616 6.2052122 )
937,POINT ( 47.43527295 19.2535105675693 )
938,POINT ( 47.4885144 21.611386886200965 )
939,POINT ( 46.6962854 17.1597236 )
940,POINT ( 48.1700786 17.1992626 )
941,POINT ( 48.661434150000005 21.239139749265533 )
942,POINT ( 48.621998250000004 17.82800785784479 )
943,POINT ( 49.07121425 20.24725741197063 )
944,POINT ( 48.63783305 19.135614217671737 )
945,POINT ( 49.23309065 18.613964886395326 )
946,POINT ( 47.603236949999996 7.52434812773247 )
947,POINT ( 46.912213449999996 7.498597416883485 )
948,POINT ( 31.05248885 -85.86846465065989 )
949,POINT ( 46.0015752 8.9063847 )
950,POINT ( 47.4859603 9.5598603 )
951,POINT ( 47.4635489 8.553204683227131 )
952,POINT ( 53.09767685 17.978783301007155 )
953,POINT ( 50.47530925 19.082309148015923 )
954,POINT ( 51.2382497 22.706753771844266 )
955,POINT ( 52.42056395 16.8317916444456 )
956,POINT ( 50.11148165 22.018435906021026 )
957,POINT ( 52.163068100000004 20.970804316016185 )
958,POINT ( 52.450885650000004 20.648988117621318 )
959,POINT ( 51.1075552 16.8756697 )
960,POINT ( 24.3913984 88.60822875184343 )
961,POINT ( 42.56149335 18.26433626257242 )
962,POINT ( 44.56731345 14.39235742449529 )
963,POINT ( 45.46087645 18.8170617551376 )
964,POINT ( 44.89567215 13.918971947969927 )
965,POINT ( 45.21678585 14.570968145977925 )
966,POINT ( 43.5397753 16.300224163865497 )
967,POINT ( 44.100174949999996 15.357488127906656 )
968,POINT ( 44.8336318 20.2810139 )
969,POINT ( 34.87033995 33.618511556449484 )
970,POINT ( 34.71791325 32.489094835033505 )
971,POINT ( 35.1522933 33.50533235019655 )
972,POINT ( 37.9372535 23.954624286315532 )
973,POINT ( 35.529643300000004 24.148005725125465 )
974,POINT ( 38.3421243 26.140171285583204 )
975,POINT ( 39.6077531 19.9149865 )
976,POINT ( 35.337058 25.18097200362064 )
977,POINT ( 37.068318950000005 22.025095209751395 )
978,POINT ( 35.42109615 27.145333449162123 )
979,POINT ( 40.914999300000005 24.61461321003228 )
980,POINT ( 36.79545565 27.08849007034415 )
981,POINT ( 37.43499285 25.347326478108187 )
982,POINT ( 39.057918 26.599060222770895 )
983,POINT ( 38.923843700000006 20.768427287254895 )
984,POINT ( 36.4050007 28.087406950000002 )
985,POINT ( 37.69001595 26.91166205955046 )
986,POINT ( 40.52620335 22.973732008204546 )
987,POINT ( 39.2230176 22.794555663860027 )
988,POINT ( 37.7508466 20.885394109125926 )
989,POINT ( 40.63087935 8.288375274221512 )
990,POINT ( 43.61716225 13.364858030368092 )
991,POINT ( 41.1534 16.7656 )
992,POINT ( 45.670959249999996 9.69876347135455 )
993,POINT ( 44.5344306 11.288457445265177 )
994,POINT ( 45.4279922 10.328465676993805 )
995,POINT ( 40.661605 17.948577553183746 )
996,POINT ( 39.250583 9.057312580961453 )
997,POINT ( 37.467242600000006 15.067568274467547 )
998,POINT ( 44.54739375 7.623336248505572 )
999,POINT ( 43.80928725 11.199120619746795 )
1000,POINT ( 40.8417414 14.2579272 )
1001,POINT ( 38.9062877 16.24275952965428 )
1002,POINT ( 45.44420495 9.277832922158506 )
1003,POINT ( 45.629627299999996 8.723547468967393 )
1004,POINT ( 40.8839923 14.284479528610618 )
1005,POINT ( 40.89937665 9.517745484294872 )
1006,POINT ( 38.176516899999996 13.091643377052751 )
1007,POINT ( 45.1847018 11.8576571 )
1008,POINT ( 42.4321436 14.186080677809038 )
1009,POINT ( 42.4321436 14.186080677809038 )
1010,POINT ( -34.55919275 -58.414724275642854 )
1011,POINT ( 44.02021415 12.612590543153736 )
1012,POINT ( 41.8144309 12.226901204880779 )
1013,POINT ( 41.79954695 12.591271133206927 )
1014,POINT ( 37.913008950000005 12.492621862041094 )
1015,POINT ( 45.8261611 13.473368702886166 )
1016,POINT ( 45.20096875 7.648975075273562 )
1017,POINT ( 45.50353855 12.342579681064803 )
1018,POINT ( 45.39717245 10.885895928972548 )
1019,POINT ( 35.84739655 14.492295178989536 )
1020,POINT ( 38.0753421 -7.9242041 )
1021,POINT ( 37.017459599999995 -7.973911065722614 )
1022,POINT ( 32.69817005 -16.77389415043028 )
1023,POINT ( 33.07362365 -16.34816497905559 )
1024,POINT ( 38.7809542 -9.131900592219496 )
1025,POINT ( 38.7809542 -9.131900592219496 )
1026,POINT ( 37.74310625 -25.701156342536887 )
1027,POINT ( 38.764423699999995 -27.09108465736351 )
1028,POINT ( 46.22247455 14.463847697380164 )
1029,POINT ( 46.47836925 15.685380408214089 )
1030,POINT ( 45.4724036 13.616114921756441 )
1031,POINT ( 43.300259499999996 -8.379608542189715 )
1032,POINT ( 38.284417700000006 -0.5657529081106044 )
1033,POINT ( 36.84399365 -2.3719995931572844 )
1034,POINT ( 43.56161899999999 -6.030909804909283 )
1035,POINT ( 41.29694395 2.0790473629813215 )
1036,POINT ( 43.301720700000004 -2.919129659398936 )
1037,POINT ( 40.2125456 0.07032404660837799 )
1038,POINT ( 28.447124199999998 -13.866147581598085 )
1039,POINT ( 41.904494650000004 2.762426044162633 )
1040,POINT ( 27.92879945 -15.389182071609515 )
1041,POINT ( 42.07723575 -0.31954593973198725 )
1042,POINT ( 38.87294785 1.370372414235323 )
1043,POINT ( 36.74377795 -6.064049514261415 )
1044,POINT ( 28.626975700000003 -17.755484706917592 )
1045,POINT ( 28.94568045 -13.60758816051166 )
1046,POINT ( 41.72779095 0.5391262971137656 )
1047,POINT ( 40.4948384 -3.5740806206811313 )
1048,POINT ( 36.67876135 -4.499980126161259 )
1049,POINT ( 39.86298645 4.220607231805899 )
1050,POINT ( 37.805602 -1.1273468433316025 )
1051,POINT ( 39.553224549999996 2.729030991511172 )
1052,POINT ( 42.77114435 -1.6456214726005762 )
1053,POINT ( 41.1464121 1.1574354225597268 )
1054,POINT ( 43.42716075 -3.822844898531179 )
1055,POINT ( 42.89764215 -8.41891330714926 )
1056,POINT ( 37.4306371 -5.8808747 )
1057,POINT ( 37.4306371 -5.8808747 )
1058,POINT ( 28.046054650000002 -16.57271529967347 )
1059,POINT ( 39.4878647 -0.48120918609833196 )
1060,POINT ( 41.706834349999994 -4.854374275220002 )
1061,POINT ( 42.232922450000004 -8.626166079129476 )
1062,POINT ( 42.88306505 -2.7280438388098527 )
1063,POINT ( 41.6676807 -1.0437423279666378 )
1064,POINT ( 41.414079799999996 19.71964805931863 )
1065,POINT ( 42.0342197 20.416156526028644 )
1066,POINT ( 40.1493974 44.4018985198437 )
1067,POINT ( 40.751196449999995 43.85418312445313 )
1068,POINT ( 40.4728196 50.04917439624536 )
1069,POINT ( 40.7370535 46.31628304227843 )
1070,POINT ( 40.809903399999996 47.72574902165021 )
1071,POINT ( 38.759755999999996 48.80560137474302 )
1072,POINT ( 40.809903399999996 47.72574902165021 )
1073,POINT ( 53.598213349999995 24.05050505161059 )
1074,POINT ( 52.52654065 31.01782346394522 )
1075,POINT ( 53.887662750000004 28.034122736827477 )
1076,POINT ( 44.94291375 17.296385987756054 )
1077,POINT ( 43.8253475 18.333154918143215 )
1078,POINT ( 44.4625583 18.724443064898992 )
1079,POINT ( 43.281888800000004 17.843882921236258 )
1080,POINT ( 42.57022095 27.516987282032524 )
1081,POINT ( 42.07693315 24.844065616554147 )
1082,POINT ( 42.69557455 23.414218088581656 )
1083,POINT ( 43.23393595 27.823302249448076 )
1084,POINT ( 59.414388 24.836840478778107 )
1085,POINT ( 58.30867755 26.69296862697855 )
1086,POINT ( 42.5270431 43.1357119 )
1087,POINT ( 41.6093905 41.600613707764694 )
1088,POINT ( 42.17611035 42.477479009044885 )
1089,POINT ( 43.055167999999995 42.75046454805893 )
1090,POINT ( 41.9212325 44.714316611384575 )
1091,POINT ( 41.66958674999999 44.95514406314355 )
1092,POINT ( 42.57643955 21.032371075473243 )
1093,POINT ( 56.922239649999995 23.97264338931523 )
1094,POINT ( 57.35450815 21.53974638210634 )
1095,POINT ( 54.9646207 24.088128663481704 )
1096,POINT ( 55.972598899999994 21.094675861557334 )
1097,POINT ( 55.8930733 23.3863033 )
1098,POINT ( 54.643438599999996 25.278519673777687 )
1099,POINT ( 46.92960965 28.937152073283357 )
1100,POINT ( 46.175458899999995 21.265692833889535 )
1101,POINT ( 47.659536450000004 23.46365220339503 )
1102,POINT ( 44.56835935 26.10268756856084 )
1103,POINT ( 44.50029205 26.090228324484794 )
1104,POINT ( 46.78630484999999 23.68460819169495 )
1105,POINT ( 44.364428399999994 28.48645083006126 )
1106,POINT ( 44.318807050000004 23.889104852848654 )
1107,POINT ( 47.17991015 27.620356507232316 )
1108,POINT ( 47.0273438 21.900625787636205 )
1109,POINT ( 47.705222 22.88445740774703 )
1110,POINT ( 45.787050300000004 24.08663457694282 )
1111,POINT ( 47.68833875 26.352310976529836 )
1112,POINT ( 46.467829050000006 24.412256728643918 )
1113,POINT ( 45.809854400000006 21.33283281275959 )
1114,POINT ( 42.3605703 19.25007158353284 )
1115,POINT ( 42.403729850000005 18.724834448309945 )
1116,POINT ( 41.17937425 20.742970126092665 )
1117,POINT ( 41.96173655 21.621843594367405 )
1118,POINT ( 64.73627164999999 177.7358336928592 )
1119,POINT ( 45.00265265 37.34498313723325 )
1120,POINT ( 64.599209 40.71860470831429 )
1121,POINT ( 46.28016705 48.018907153379175 )
1122,POINT ( 53.3635611 83.5504536213013 )
1123,POINT ( 50.64526255 36.5812955945439 )
1124,POINT ( 50.4266217 127.40968452242377 )
1125,POINT ( 56.36868235 101.68834627611253 )
1126,POINT ( 53.21423355 34.17735518268464 )
1127,POINT ( 55.2978292 61.5106586 )
1128,POINT ( 59.27783665 38.0206535432642 )
1129,POINT ( 46.371955549999996 44.337702209910695 )
1130,POINT ( 52.266805250000004 104.37553970756424 )
1131,POINT ( 43.3871739 45.69641817942835 )
1132,POINT ( 54.88969255000001 20.58772076792804 )
1133,POINT ( 55.60740975 49.28551379228139 )
1134,POINT ( 48.528096 135.18291320418953 )
1135,POINT ( 50.603593399999994 137.0847025883197 )
1136,POINT ( 51.752429250000006 36.292384936972404 )
1137,POINT ( 59.9147712 150.72149352389195 )
1138,POINT ( 53.393898699999994 58.75770708558788 )
1139,POINT ( 42.816631900000004 47.65567236459954 )
1140,POINT ( 44.22621995 43.081651070827434 )
1141,POINT ( 55.40912105 37.904166212415895 )
1142,POINT ( 55.97608755 37.4238008194297 )
1143,POINT ( 55.6066179 37.286848 )
1144,POINT ( 68.77916255 32.76209802957863 )
1145,POINT ( 43.51297565 43.63815607518302 )
1146,POINT ( 60.949454349999996 76.48562187563991 )
1147,POINT ( 55.565541499999995 52.099212776880876 )
1148,POINT ( 56.229519749999994 43.78400637227456 )
1149,POINT ( 53.81061685 86.86700954836988 )
1150,POINT ( 55.028972949999996 82.59975849523934 )
1151,POINT ( 51.0736434 58.59857484668805 )
1152,POINT ( 61.887404000000004 34.14566501731344 )
1153,POINT ( 64.3800982 -173.2386276724423 )
1154,POINT ( 53.1703687 158.4407429799063 )
1155,POINT ( 57.7818036 28.38658369449417 )
1156,POINT ( 47.49358975 39.92902340634963 )
1157,POINT ( 59.801698599999995 30.267601113109503 )
1158,POINT ( 53.50575105 50.15699388903002 )
1159,POINT ( 51.5654706 46.04171591129158 )
1160,POINT ( 43.44397145 39.94009276010438 )
1161,POINT ( 45.110943899999995 42.116171759451575 )
1162,POINT ( 61.648572349999995 50.84684037543079 )
1163,POINT ( 56.38286355 85.20970406373608 )
1164,POINT ( 57.1799511 65.34941663635888 )
1165,POINT ( 36.851848450000006 10.229499453576416 )
1166,POINT ( 54.269227099999995 48.22490186377723 )
1167,POINT ( 54.56491265 55.88423295983419 )
1168,POINT ( 43.3925287 132.14617665194015 )
1169,POINT ( 43.204641550000005 44.60982202193371 )
1170,POINT ( 48.78335465 44.347290075526445 )
1171,POINT ( 51.8151081 39.221421059214435 )
1172,POINT ( 62.091462500000006 129.76969577334057 )
1173,POINT ( 57.5604597 40.15795121123496 )
1174,POINT ( 46.8845008 142.72048538333334 )
1175,POINT ( 44.81827305 20.302369607310077 )
1176,POINT ( 43.336109 21.85733488617226 )
1177,POINT ( 43.818194 20.58749071863892 )
1178,POINT ( 36.98247135 35.28787786654746 )
1179,POINT ( 36.29880585 32.29718214713545 )
1180,POINT ( 40.1230634 32.99872088625601 )
1181,POINT ( 36.89994245 30.798191449837162 )
1182,POINT ( 37.24952535 27.67212809118392 )
1183,POINT ( 40.25584005 29.56209181082114 )
1184,POINT ( 36.71183085 28.785783840398203 )
1185,POINT ( 37.78603475 29.697340303657736 )
1186,POINT ( 37.89232495 40.19921443496927 )
1187,POINT ( 38.60212025 39.293272296460074 )
1188,POINT ( 36.9479318 37.47319308119735 )
1189,POINT ( 41.275322700000004 28.73226923452166 )
1190,POINT ( 40.89929455 29.307552329592077 )
1191,POINT ( 38.289593249999996 27.15881973653169 )
1192,POINT ( 38.773475250000004 35.49468492689121 )
1193,POINT ( 37.9840404 32.57571168020935 )
1194,POINT ( 39.1090247 30.13712970523825 )
1195,POINT ( 38.4351316 38.08965063689739 )
1196,POINT ( 38.7724585 34.52734683956909 )
1197,POINT ( 41.2562275 36.5547365620795 )
1198,POINT ( 41.0061664 39.7313281 )
1199,POINT ( 41.5086358 32.08897133952877 )
1200,POINT ( 48.26047165 25.9785329173081 )
1201,POINT ( 48.3612473 35.09662173364201 )
1202,POINT ( 48.88880355 24.688121199544454 )
1203,POINT ( 49.92262205 36.28843000721483 )
1204,POINT ( 48.0418259 33.20921721853422 )
1205,POINT ( 50.3401779 30.891557297991227 )
1206,POINT ( 50.3401779 30.891557297991227 )
1207,POINT ( 49.81057505 23.957443729537545 )
1208,POINT ( 47.0571669 31.91963470500483 )
1209,POINT ( 46.44051335 30.676765737635286 )
1210,POINT ( 49.5727605 34.39499787713869 )
1211,POINT ( 45.039428650000005 33.97007140630278 )
1212,POINT ( 48.63582435 22.26068962869202 )
1213,POINT ( 47.869395850000004 35.31153502036521 )
1214,POINT ( 57.0864352 9.868075521300991 )
1215,POINT ( 56.304542549999994 10.612849817576597 )
1216,POINT ( 55.740736999999996 9.160391884322324 )
1217,POINT ( 55.6091282 12.650982248393536 )
1218,POINT ( 62.06214025 -7.272963736388841 )
1219,POINT ( 60.121504650000006 19.896907611281204 )
1220,POINT ( 60.32135905 24.947206800038444 )
1221,POINT ( 67.6954569 24.8518905 )
1222,POINT ( 63.00506195 27.798881769455257 )
1223,POINT ( 65.9880455 29.239381704797808 )
1224,POINT ( 61.04515155 28.150602697960775 )
1225,POINT ( 64.9291176 25.378583953165936 )
1226,POINT ( 66.561662 25.8302119 )
1227,POINT ( 61.41482 23.608124582625788 )
1228,POINT ( 60.5133902 22.26333725991195 )
1229,POINT ( 63.0449579 21.7641844 )
1230,POINT ( 65.65698725 -18.070607134573716 )
1231,POINT ( 63.98486065 -22.626598187703223 )
1232,POINT ( 64.129393 -21.940944455147573 )
1233,POINT ( 62.56018535 6.113415709021158 )
1234,POINT ( 60.29619625 5.219901375015233 )
1235,POINT ( 67.264386 14.34774894210406 )
1236,POINT ( 59.34292 5.2152365479364455 )
1237,POINT ( 58.20414355 8.08327172379055 )
1238,POINT ( 63.1125744 7.82937981793134 )
1239,POINT ( 60.19786535 11.09967535417638 )
1240,POINT ( 59.1805647 10.2571743 )
1241,POINT ( 58.88099305 5.622712653837669 )
1242,POINT ( 69.68179375 18.91540972267273 )
1243,POINT ( 63.4547661 10.925133336071024 )
1244,POINT ( 57.662414749999996 12.287763001236742 )
1245,POINT ( 65.54783875000001 22.116712311166633 )
1246,POINT ( 55.5361868 13.369715681029767 )
1247,POINT ( 58.5859848 16.2478449 )
1248,POINT ( 63.19562795 14.499010830385984 )
1249,POINT ( 59.6467921 17.937044334194475 )
1250,POINT ( 59.3546192 17.944740459281977 )
1251,POINT ( 58.7871654 16.9104983 )
1252,POINT ( 59.5895789 16.631214886515107 )
1253,POINT ( 62.5278157 17.44062745100433 )
1254,POINT ( 63.7903095 20.288655093670805 )
1255,POINT ( 56.92494405 14.73366140209803 )
1256,POINT ( 57.66543765 18.34705855149554 )
1257,POINT ( 35.21074145 -80.9457435226013 )
1258,POINT ( 50.78234165 -1.8383330379835439 )
1259,POINT ( 51.38296995 -2.7186237715618864 )
1260,POINT ( 51.397871550000005 -3.3445890119919994 )
1261,POINT ( 54.50941065 -1.4247903167173146 )
1262,POINT ( 52.828086549999995 -1.332669481847069 )
1263,POINT ( 50.73119295 -3.4168295860334865 )
1264,POINT ( 53.86665035 -1.656781884498208 )
1265,POINT ( 53.335702600000005 -2.8496139978869777 )
1266,POINT ( 51.5042655 0.05490240133037683 )
1267,POINT ( 51.1567346 -0.1609224 )
1268,POINT ( 51.46773895 -0.4587800741571181 )
1269,POINT ( 51.87814035 -0.3664573292436831 )
1270,POINT ( 51.570227599999996 0.6966132970490921 )
1271,POINT ( 51.88696515 0.24419290157330298 )
1272,POINT ( 53.350342049999995 -2.280369252664295 )
1273,POINT ( -32.79461255 151.84011416276277 )
1274,POINT ( 50.441430499999996 -4.996334942901752 )
1275,POINT ( 52.6683484 1.2806942422978507 )
1276,POINT ( 44.4939003 -81.3352966 )
1277,POINT ( 57.2006008 -2.2038568 )
1278,POINT ( 55.950128899999996 -3.3595079855289756 )
1279,POINT ( 55.950128899999996 -3.3595079855289756 )
1280,POINT ( 55.50230535 -4.577596602973978 )
1281,POINT ( 57.54227005 -4.051671282668874 )
1282,POINT ( 54.652424499999995 -6.229076154679657 )
1283,POINT ( 54.620329350000006 -5.869819381345107 )
1284,POINT ( 55.04188695 -7.161306551456137 )
1285,POINT ( -14.3347658 -170.71596862723766 )
1286,POINT ( -34.947240449999995 138.5330688373241 )
1287,POINT ( -27.3874138 153.1214764569645 )
1288,POINT ( -17.9492125 122.23069434861999 )
1289,POINT ( -16.877789200000002 145.75154952736838 )
1290,POINT ( -35.302878750000005 149.19180056325803 )
1291,POINT ( -12.41190185 130.88362011674445 )
1292,POINT ( -38.0415747 144.47225146948307 )
1293,POINT ( -28.164853 153.5081045532748 )
1294,POINT ( -42.8361855 147.50854208296033 )
1295,POINT ( -37.667111000000006 144.83348076679553 )
1296,POINT ( -32.79461255 151.84011416276277 )
1297,POINT ( -31.9406095 115.96760765137932 )
1298,POINT ( -20.3737968 118.62407240179644 )
1299,POINT ( -26.59467215 153.0834615909481 )
1300,POINT ( -33.935309 151.1655825 )
1301,POINT ( -19.2518982 146.77447438460155 )
1302,POINT ( -10.450078699999999 105.69071340585096 )
1303,POINT ( -12.1878723 96.8310274 )
1304,POINT ( -21.201722349999997 -159.80567804613287 )
1305,POINT ( -27.164671900000002 -109.4213269955195 )
1306,POINT ( -17.762453299999997 177.43747042786867 )
1307,POINT ( -18.04373695 178.5604976825565 )
1308,POINT ( -17.55418205 -149.6103368761099 )
1309,POINT ( 13.486490199999999 144.80206025352555 )
1310,POINT ( 1.9843506 -157.34706301775668 )
1311,POINT ( 1.3816209000000002 173.14777058642787 )
1312,POINT ( 8.7206583 167.7315599 )
1313,POINT ( 7.0649864 171.27149916297407 )
1314,POINT ( 7.461951600000001 151.84307838327413 )
1315,POINT ( 5.35674455 162.95809189251776 )
1316,POINT ( 6.9836798 158.20381948562675 )
1317,POINT ( 9.49898575 138.08313625016342 )
1318,POINT ( -0.54887245 166.92074283910955 )
1319,POINT ( -22.014886150000002 166.2140588220377 )
1320,POINT ( -37.00889695 174.7912138412501 )
1321,POINT ( -43.4877084 172.53695343756073 )
1322,POINT ( -45.019299950000004 168.74343994415125 )
1323,POINT ( -41.3294976 174.8119641 )
1324,POINT ( -29.04165755 167.93946074308155 )
1325,POINT ( 14.17434795 145.24109209915855 )
1326,POINT ( 15.12049075 145.72962519467052 )
1327,POINT ( 14.99833865 145.6183628291265 )
1328,POINT ( -19.0804765 -169.92138016169685 )
1329,POINT ( 7.366885099999999 134.54430649330376 )
1330,POINT ( -9.4402674 147.21712862095984 )
1331,POINT ( -5.8275371 144.29964153501777 )
1332,POINT ( -13.83077365 -172.00829609835512 )
1333,POINT ( -9.429441749999999 160.04987604652325 )
1334,POINT ( -21.2421623 -175.1443417987285 )
1335,POINT ( -18.58558155 -173.9637047315632 )
1336,POINT ( -8.5216688 179.1989423401248 )
1337,POINT ( -15.50470155 167.21868291955798 )
1338,POINT ( -17.69913085 168.3193165665017 )
1339,POINT ( -14.311660700000001 -178.06701368746712 )
1340,POINT ( -13.2397814 -176.19860104924444 )
